"Country code",Country,"Case & death data by sex?","Cases date","Cases where sex-disaggregated data is available","Cases (% male)","Cases (% female)","Deaths date","Deaths where sex-disaggregated data is available","Deaths (% male)","Deaths (% female)","Deaths in confirmed cases date","Proportion of deaths in confirmed cases (male)","Proportion of deaths in confirmed cases (female)","Proportion of deaths in confirmed cases (Male:female ratio)",Source
AF,Afghanistan,Yes,2021/11/16,124621,59%,41%,2021/11/16,3949,65%,35%,2021/11/16,4%,3%,1.31,http://covid.moph-dw.org/#/
AL,Albania,Yes,2021/12/20,195163,47%,53%,2021/12/20,1940,66%,34%,2021/12/20,1%,1%,2.15,https://app.powerbi.com/view?r=eyJrIjoiYWRiZWVkNWUtNmM0Ni00MDAwLTljYWMtN2EwNTM3YjQzYmRmIiwidCI6ImY2MTBjMGI3LWJkMjQtNGIzOS04MTBiLTNkYzI4MGFmYjU5MCIsImMiOjh9
DZ,Algeria,Partial,2021/05/20,126156,54%,46%,,,,,,,,,https://corona-dz.live/
AD,Andorra,No,,,,,,,,,,,,,https://www.govern.ad/coronavirus
AO,Angola,Yes,2022/01/17,30891,58%,42%,2022/01/17,249,58%,42%,2022/01/17,1%,1%,1.03,https://app.powerbi.com/view?r=eyJrIjoiYWRiZWVkNWUtNmM0Ni00MDAwLTljYWMtN2EwNTM3YjQzYmRmIiwidCI6ImY2MTBjMGI3LWJkMjQtNGIzOS04MTBiLTNkYzI4MGFmYjU5MCIsImMiOjh9
AI,Anguilla,Partial,2021/06/12,112,51%,49%,,,,,,,,,https://app.powerbi.com/view?r=eyJrIjoiMWNjNzZkNjctZTNiNy00YmMzLTkxZjQtNmJiZDM2MTYxNzEwIiwidCI6ImY2MTBjMGI3LWJkMjQtNGIzOS04MTBiLTNkYzI4MGFmYjU5MCIsImMiOjh9
AG,"Antigua and Barbuda",No,,,,,,,,,,,,,https://covid19.gov.ag/
AR,Argentina,Yes,2022/01/17,7350345,49%,51%,2022/01/17,115040,58%,42%,2022/01/17,2%,1%,1.45,https://app.powerbi.com/view?r=eyJrIjoiYWRiZWVkNWUtNmM0Ni00MDAwLTljYWMtN2EwNTM3YjQzYmRmIiwidCI6ImY2MTBjMGI3LWJkMjQtNGIzOS04MTBiLTNkYzI4MGFmYjU5MCIsImMiOjh9
AM,Armenia,Yes,2020/11/23,130911,42%,58%,2020/11/23,2085,54%,46%,2020/11/23,2%,1%,1.63,https://app.powerbi.com/view?r=eyJrIjoiYWRiZWVkNWUtNmM0Ni00MDAwLTljYWMtN2EwNTM3YjQzYmRmIiwidCI6ImY2MTBjMGI3LWJkMjQtNGIzOS04MTBiLTNkYzI4MGFmYjU5MCIsImMiOjh9
AW,Aruba,Yes,2021/07/11,15841,47%,53%,2021/07/11,153,55%,45%,2021/07/11,1%,1%,1.38,https://www.arubacovid19.org/
AU,Australia,Yes,2021/12/27,463173,50%,50%,2021/12/27,2144,55%,45%,2021/12/27,1%,,1.2,https://app.powerbi.com/view?r=eyJrIjoiYWRiZWVkNWUtNmM0Ni00MDAwLTljYWMtN2EwNTM3YjQzYmRmIiwidCI6ImY2MTBjMGI3LWJkMjQtNGIzOS04MTBiLTNkYzI4MGFmYjU5MCIsImMiOjh9
AT,Austria,Yes,2022/03/01,1345693,49%,51%,2022/03/01,13341,54%,46%,2022/03/01,1%,1%,1.19,https://app.powerbi.com/view?r=eyJrIjoiYWRiZWVkNWUtNmM0Ni00MDAwLTljYWMtN2EwNTM3YjQzYmRmIiwidCI6ImY2MTBjMGI3LWJkMjQtNGIzOS04MTBiLTNkYzI4MGFmYjU5MCIsImMiOjh9
AZ,Azerbaijan,Partial,2022/03/01,475945,46%,54%,,,,,,,,,https://app.powerbi.com/view?r=eyJrIjoiYWRiZWVkNWUtNmM0Ni00MDAwLTljYWMtN2EwNTM3YjQzYmRmIiwidCI6ImY2MTBjMGI3LWJkMjQtNGIzOS04MTBiLTNkYzI4MGFmYjU5MCIsImMiOjh9
BS,Bahamas,Yes,2021/08/22,16872,47%,53%,2021/08/22,474,50%,50%,2021/08/22,3%,3%,1.13,https://www.bahamas.gov.bs/wps/wcm/connect/383f28cb-997c-43f0-ac3b-41bcf1223650/Update+%23419+-+Ministry+of+Health+-+COVID-19+Report+%2875%29.pdf?MOD=AJPERES
BH,Bahrain,Yes,2021/08/11,277119,60%,40%,2021/08/11,1434,65%,35%,2021/08/11,1%,,1.24,https://app.powerbi.com/view?r=eyJrIjoiMWNjNzZkNjctZTNiNy00YmMzLTkxZjQtNmJiZDM2MTYxNzEwIiwidCI6ImY2MTBjMGI3LWJkMjQtNGIzOS04MTBiLTNkYzI4MGFmYjU5MCIsImMiOjh9
BD,Bangladesh,Yes,2021/12/14,1578227,71%,29%,2021/12/14,28016,77%,23%,2021/12/14,2%,1%,1.37,https://covid19bd.idare.io/
BB,Barbados,Yes,2021/12/15,27027,48%,52%,2021/02/02,13,62%,38%,2021/02/02,1%,1%,1.12,https://app.powerbi.com/view?r=eyJrIjoiYWRiZWVkNWUtNmM0Ni00MDAwLTljYWMtN2EwNTM3YjQzYmRmIiwidCI6ImY2MTBjMGI3LWJkMjQtNGIzOS04MTBiLTNkYzI4MGFmYjU5MCIsImMiOjh9
BY,Belarus,Partial,2022/03/01,509314,43%,57%,,,,,,,,,https://app.powerbi.com/view?r=eyJrIjoiYWRiZWVkNWUtNmM0Ni00MDAwLTljYWMtN2EwNTM3YjQzYmRmIiwidCI6ImY2MTBjMGI3LWJkMjQtNGIzOS04MTBiLTNkYzI4MGFmYjU5MCIsImMiOjh9
BE,Belgium,Yes,2022/03/01,2104901,43%,57%,2022/03/01,28090,51%,49%,2022/03/01,2%,1%,1.42,https://app.powerbi.com/view?r=eyJrIjoiYWRiZWVkNWUtNmM0Ni00MDAwLTljYWMtN2EwNTM3YjQzYmRmIiwidCI6ImY2MTBjMGI3LWJkMjQtNGIzOS04MTBiLTNkYzI4MGFmYjU5MCIsImMiOjh9
BZ,Belize,Yes,2021/07/10,22187,50%,50%,2021/07/10,427,62%,38%,2021/07/10,2%,1%,1.64,https://www.facebook.com/Belizehealth/
BJ,Benin,Partial,2020/07/20,196,54%,46%,,,,,,,,,https://www.gouv.bj/coronavirus/flashinfos/
BM,Bermuda,Yes,2022/01/17,9387,45%,55%,2022/01/17,25,64%,36%,2022/01/17,,,2.16,https://app.powerbi.com/view?r=eyJrIjoiYWRiZWVkNWUtNmM0Ni00MDAwLTljYWMtN2EwNTM3YjQzYmRmIiwidCI6ImY2MTBjMGI3LWJkMjQtNGIzOS04MTBiLTNkYzI4MGFmYjU5MCIsImMiOjh9
BT,Bhutan,Yes,2021/12/14,2650,62%,38%,2021/12/14,3,67%,33%,2021/12/14,,,1.24,https://www.facebook.com/MoHBhutan
BO,Bolivia,No,,,,,,,,,,,,,https://www.boliviasegura.gob.bo/
XA,Bonaire,Yes,2022/10/01,4604,46%,54%,2022/10/01,24,75%,25%,2022/10/01,1%,,3.52,https://app.powerbi.com/view?r=eyJrIjoiYWRiZWVkNWUtNmM0Ni00MDAwLTljYWMtN2EwNTM3YjQzYmRmIiwidCI6ImY2MTBjMGI3LWJkMjQtNGIzOS04MTBiLTNkYzI4MGFmYjU5MCIsImMiOjh9
BA,"Bosnia and Herzegovina",Yes,2022/03/01,259700,50%,50%,2022/03/01,11794,59%,41%,2022/03/01,5%,4%,1.46,https://app.powerbi.com/view?r=eyJrIjoiYWRiZWVkNWUtNmM0Ni00MDAwLTljYWMtN2EwNTM3YjQzYmRmIiwidCI6ImY2MTBjMGI3LWJkMjQtNGIzOS04MTBiLTNkYzI4MGFmYjU5MCIsImMiOjh9
BW,Botswana,Partial,2020/07/17,48,83%,17%,2020/09/28,15,40%,60%,,,,,https://app.powerbi.com/view?r=eyJrIjoiYWRiZWVkNWUtNmM0Ni00MDAwLTljYWMtN2EwNTM3YjQzYmRmIiwidCI6ImY2MTBjMGI3LWJkMjQtNGIzOS04MTBiLTNkYzI4MGFmYjU5MCIsImMiOjh9
BR,Brazil,Yes,2020/12/19,565465,56%,44%,2021/11/27,562851,56%,44%,2020/12/19,33%,31%,1.06,https://www.gov.br/saude/pt-br/media/pdf/2021/julho/16/boletim_epidemiologico_covid_71.pdf
BN,"Brunei Darussalam",Yes,2022/01/17,15965,70%,30%,2022/01/17,59,61%,39%,2022/01/17,,,0.66,https://app.powerbi.com/view?r=eyJrIjoiYWRiZWVkNWUtNmM0Ni00MDAwLTljYWMtN2EwNTM3YjQzYmRmIiwidCI6ImY2MTBjMGI3LWJkMjQtNGIzOS04MTBiLTNkYzI4MGFmYjU5MCIsImMiOjh9
BG,Bulgaria,Partial,2020/12/05,2023,48%,52%,,,,,,,,,https://coronavirus.bg/bg/news/424
BF,"Burkina Faso",Yes,2021/05/12,16334,63%,37%,2020/08/25,55,75%,25%,2020/08/25,5%,3%,1.54,https://app.powerbi.com/view?r=eyJrIjoiYWRiZWVkNWUtNmM0Ni00MDAwLTljYWMtN2EwNTM3YjQzYmRmIiwidCI6ImY2MTBjMGI3LWJkMjQtNGIzOS04MTBiLTNkYzI4MGFmYjU5MCIsImMiOjh9
BI,Burundi,Partial,2021/12/14,21143,54%,46%,,,,,,,,,https://app.powerbi.com/view?r=eyJrIjoiYWRiZWVkNWUtNmM0Ni00MDAwLTljYWMtN2EwNTM3YjQzYmRmIiwidCI6ImY2MTBjMGI3LWJkMjQtNGIzOS04MTBiLTNkYzI4MGFmYjU5MCIsImMiOjh9
CV,"Cabo Verde",Yes,2021/12/13,38270,47%,53%,2021/11/07,286,48%,52%,2020/12/27,1%,1%,1.53,https://app.powerbi.com/view?r=eyJrIjoiYWRiZWVkNWUtNmM0Ni00MDAwLTljYWMtN2EwNTM3YjQzYmRmIiwidCI6ImY2MTBjMGI3LWJkMjQtNGIzOS04MTBiLTNkYzI4MGFmYjU5MCIsImMiOjh9
KH,Cambodia,Yes,2021/03/05,15351,43%,57%,2021/03/05,106,57%,43%,2021/03/05,1%,1%,1.76,https://www.who.int/docs/default-source/wpro---documents/countries/cambodia/covid-19/covid-19-joint-who-moh-sitrep-75
CM,Cameroon,Partial,2021/03/21,352,63%,37%,,,,,,,,,https://app.powerbi.com/view?r=eyJrIjoiYWRiZWVkNWUtNmM0Ni00MDAwLTljYWMtN2EwNTM3YjQzYmRmIiwidCI6ImY2MTBjMGI3LWJkMjQtNGIzOS04MTBiLTNkYzI4MGFmYjU5MCIsImMiOjh9
CA,Canada,Yes,2022/01/17,2733573,48%,52%,2022/01/17,31595,52%,48%,2022/01/17,1%,1%,1.14,https://app.powerbi.com/view?r=eyJrIjoiYWRiZWVkNWUtNmM0Ni00MDAwLTljYWMtN2EwNTM3YjQzYmRmIiwidCI6ImY2MTBjMGI3LWJkMjQtNGIzOS04MTBiLTNkYzI4MGFmYjU5MCIsImMiOjh9
KY,"Cayman Islands",Partial,2020/12/16,302,53%,47%,,,,,,,,,https://www.exploregov.ky/coronavirus-statistics
CF,"Central African Republic",Partial,2021/05/16,7010,68%,32%,,,,,,,,,https://covid19.who.int/region/afro/country/cf
TD,Chad,Yes,2021/10/31,3548,73%,27%,2020/12/22,100,76%,24%,2020/12/22,6%,5%,1.3,https://app.powerbi.com/view?r=eyJrIjoiYWRiZWVkNWUtNmM0Ni00MDAwLTljYWMtN2EwNTM3YjQzYmRmIiwidCI6ImY2MTBjMGI3LWJkMjQtNGIzOS04MTBiLTNkYzI4MGFmYjU5MCIsImMiOjh9
CL,Chile,Yes,2022/01/17,2283351,49%,51%,2022/01/17,43910,56%,44%,2022/01/17,2%,2%,1.31,https://app.powerbi.com/view?r=eyJrIjoiYWRiZWVkNWUtNmM0Ni00MDAwLTljYWMtN2EwNTM3YjQzYmRmIiwidCI6ImY2MTBjMGI3LWJkMjQtNGIzOS04MTBiLTNkYzI4MGFmYjU5MCIsImMiOjh9
CN,China,Yes,2021/12/13,15623,62%,38%,2020/02/28,2114,64%,36%,2020/02/28,5%,3%,1.68,https://app.powerbi.com/view?r=eyJrIjoiYWRiZWVkNWUtNmM0Ni00MDAwLTljYWMtN2EwNTM3YjQzYmRmIiwidCI6ImY2MTBjMGI3LWJkMjQtNGIzOS04MTBiLTNkYzI4MGFmYjU5MCIsImMiOjh9
CO,Colombia,Yes,2022/03/01,5270197,47%,53%,2022/03/01,130398,61%,39%,2022/03/01,3%,2%,1.73,https://app.powerbi.com/view?r=eyJrIjoiYWRiZWVkNWUtNmM0Ni00MDAwLTljYWMtN2EwNTM3YjQzYmRmIiwidCI6ImY2MTBjMGI3LWJkMjQtNGIzOS04MTBiLTNkYzI4MGFmYjU5MCIsImMiOjh9
KM,Comoros,No,,,,,,,,,,,,,https://app.powerbi.com/view?r=eyJrIjoiYWRiZWVkNWUtNmM0Ni00MDAwLTljYWMtN2EwNTM3YjQzYmRmIiwidCI6ImY2MTBjMGI3LWJkMjQtNGIzOS04MTBiLTNkYzI4MGFmYjU5MCIsImMiOjh9
CG,Congo,Yes,2021/12/12,19179,66%,34%,2021/12/12,365,71%,29%,2021/12/12,2%,2%,1.24,https://www.afro.who.int/sites/default/files/2021-12/SITREP_N_203-COVID-19-CONGO_DU_13_DECEMBRE%202021-VF%20du%2014%2012%202021.pdf
CR,"Costa Rica",Yes,2021/12/13,568224,50%,50%,2021/12/13,7333,61%,39%,2021/12/13,2%,1%,1.57,https://www.ministeriodesalud.go.cr/index.php/centro-de-prensa/noticias/741-noticias-2020/1725-situacion-nacional-covid-19
CI,"Cote d'Ivoire",Partial,2021/12/13,61551,56%,44%,2021/12/13,,,,2021/12/13,,,,https://app.powerbi.com/view?r=eyJrIjoiYWRiZWVkNWUtNmM0Ni00MDAwLTljYWMtN2EwNTM3YjQzYmRmIiwidCI6ImY2MTBjMGI3LWJkMjQtNGIzOS04MTBiLTNkYzI4MGFmYjU5MCIsImMiOjh9
HR,Croatia,Yes,2022/03/01,680771,47%,53%,2022/03/01,3011,55%,45%,2022/03/01,1%,,1.36,https://app.powerbi.com/view?r=eyJrIjoiYWRiZWVkNWUtNmM0Ni00MDAwLTljYWMtN2EwNTM3YjQzYmRmIiwidCI6ImY2MTBjMGI3LWJkMjQtNGIzOS04MTBiLTNkYzI4MGFmYjU5MCIsImMiOjh9
CU,Cuba,Partial,2020/12/13,9492,53%,47%,2021/07/17,1906,57%,43%,,,,,https://covid19cubadata.github.io/#cuba
CW,Curaçao,Yes,2022/10/01,32012,43%,57%,2022/10/01,144,55%,45%,2022/10/01,1%,,1.62,https://app.powerbi.com/view?r=eyJrIjoiYWRiZWVkNWUtNmM0Ni00MDAwLTljYWMtN2EwNTM3YjQzYmRmIiwidCI6ImY2MTBjMGI3LWJkMjQtNGIzOS04MTBiLTNkYzI4MGFmYjU5MCIsImMiOjh9
CY,Cyprus,Yes,2022/03/01,192492,49%,51%,2022/03/01,783,63%,37%,2022/03/01,1%,,1.77,https://app.powerbi.com/view?r=eyJrIjoiYWRiZWVkNWUtNmM0Ni00MDAwLTljYWMtN2EwNTM3YjQzYmRmIiwidCI6ImY2MTBjMGI3LWJkMjQtNGIzOS04MTBiLTNkYzI4MGFmYjU5MCIsImMiOjh9
CZ,"Czech Republic",Yes,2022/03/01,2530906,49%,51%,2022/03/01,36648,57%,43%,2022/03/01,2%,1%,1.39,https://app.powerbi.com/view?r=eyJrIjoiYWRiZWVkNWUtNmM0Ni00MDAwLTljYWMtN2EwNTM3YjQzYmRmIiwidCI6ImY2MTBjMGI3LWJkMjQtNGIzOS04MTBiLTNkYzI4MGFmYjU5MCIsImMiOjh9
CD,DRC,Partial,2021/06/20,35399,64%,36%,,,,,,,,,https://www.stopcoronavirusrdc.info/
KP,"Dem. People's Republic of Korea",No,,,,,,,,,,,,,
DK,Denmark,Yes,2022/03/01,932637,50%,50%,2022/03/01,24,75%,25%,2022/03/01,,,3.05,https://app.powerbi.com/view?r=eyJrIjoiYWRiZWVkNWUtNmM0Ni00MDAwLTljYWMtN2EwNTM3YjQzYmRmIiwidCI6ImY2MTBjMGI3LWJkMjQtNGIzOS04MTBiLTNkYzI4MGFmYjU5MCIsImMiOjh9
DJ,Djibouti,Partial,2020/07/04,90,57%,43%,,,,,,,,,https://covid19.gouv.dj/
DM,Dominica,No,,,,,,,,,,,,,https://covid19.dominica.gov.dm/index.php/updates
DO,"Dominican Republic",Yes,2022/10/01,467820,46%,54%,2022/10/01,4250,62%,38%,2022/10/01,1%,1%,1.9,https://app.powerbi.com/view?r=eyJrIjoiYWRiZWVkNWUtNmM0Ni00MDAwLTljYWMtN2EwNTM3YjQzYmRmIiwidCI6ImY2MTBjMGI3LWJkMjQtNGIzOS04MTBiLTNkYzI4MGFmYjU5MCIsImMiOjh9
EC,Ecuador,Yes,2022/10/01,747658,50%,50%,2022/10/01,30569,53%,47%,2022/10/01,7%,6%,1.07,https://app.powerbi.com/view?r=eyJrIjoiYWRiZWVkNWUtNmM0Ni00MDAwLTljYWMtN2EwNTM3YjQzYmRmIiwidCI6ImY2MTBjMGI3LWJkMjQtNGIzOS04MTBiLTNkYzI4MGFmYjU5MCIsImMiOjh9
EG,Egypt,No,,,,,,,,,,,,,https://www.facebook.com/100069036705848/posts/113369300974293/?d=n
SV,"El Salvador",Partial,2021/12/13,121200,50%,50%,,,,,,,,,https://covid19.gob.sv/
,England,Yes,2021/12/13,9168138,48%,52%,2021/12/13,127334,55%,45%,2021/12/13,2%,1%,1.37,https://coronavirus.data.gov.uk/
GQ,"Equatorial Guinea",Yes,2021/10/11,245809,58%,42%,2021/07/06,113,67%,33%,2021/07/06,2%,1%,1.47,https://guineasalud.org/estadisticas/
ER,Eritrea,Partial,2021/03/28,23,48%,52%,,,,,,,,,https://shabait.com/2021/12/15/announcement-from-the-ministry-of-health-363/
EE,Estonia,Yes,2022/03/01,233651,46%,54%,2022/03/01,1879,50%,50%,2022/03/01,1%,1%,1.15,https://app.powerbi.com/view?r=eyJrIjoiYWRiZWVkNWUtNmM0Ni00MDAwLTljYWMtN2EwNTM3YjQzYmRmIiwidCI6ImY2MTBjMGI3LWJkMjQtNGIzOS04MTBiLTNkYzI4MGFmYjU5MCIsImMiOjh9
SZ,Eswatini,Yes,2021/10/18,46378,46%,54%,2021/04/01,244,55%,45%,2021/04/20,4%,3%,1.14,https://app.powerbi.com/view?r=eyJrIjoiYWRiZWVkNWUtNmM0Ni00MDAwLTljYWMtN2EwNTM3YjQzYmRmIiwidCI6ImY2MTBjMGI3LWJkMjQtNGIzOS04MTBiLTNkYzI4MGFmYjU5MCIsImMiOjh9
ET,Ethiopia,Partial,2020/08/06,2346,65%,35%,,,,,,,,,https://app.powerbi.com/view?r=eyJrIjoiYWRiZWVkNWUtNmM0Ni00MDAwLTljYWMtN2EwNTM3YjQzYmRmIiwidCI6ImY2MTBjMGI3LWJkMjQtNGIzOS04MTBiLTNkYzI4MGFmYjU5MCIsImMiOjh9
FO,"Faroe Islands",Partial,2021/12/14,4313,50%,50%,,,,,,,,,https://corona.fo/statistics?_l=en
FJ,Fiji,No,,,,,,,,,,,,,https://experience.arcgis.com/experience/db0cf0a2827d4c718a5a9ad823482028
FI,Finland,Yes,2022/03/01,330172,51%,49%,2022/03/01,2087,53%,47%,2022/03/01,1%,1%,1.07,https://app.powerbi.com/view?r=eyJrIjoiYWRiZWVkNWUtNmM0Ni00MDAwLTljYWMtN2EwNTM3YjQzYmRmIiwidCI6ImY2MTBjMGI3LWJkMjQtNGIzOS04MTBiLTNkYzI4MGFmYjU5MCIsImMiOjh9
FR,France,Yes,2022/03/01,11707869,47%,53%,2022/03/01,97719,58%,42%,2022/03/01,1%,1%,1.55,https://app.powerbi.com/view?r=eyJrIjoiYWRiZWVkNWUtNmM0Ni00MDAwLTljYWMtN2EwNTM3YjQzYmRmIiwidCI6ImY2MTBjMGI3LWJkMjQtNGIzOS04MTBiLTNkYzI4MGFmYjU5MCIsImMiOjh9
PF,"French Polynesia",Partial,2020/04/10,2228,49%,51%,2020/09/29,7,43%,57%,,,,,https://www.service-public.pf/
GA,Gabon,Partial,2020/08/26,8409,40%,60%,,,,,,,,,https://app.powerbi.com/view?r=eyJrIjoiYWRiZWVkNWUtNmM0Ni00MDAwLTljYWMtN2EwNTM3YjQzYmRmIiwidCI6ImY2MTBjMGI3LWJkMjQtNGIzOS04MTBiLTNkYzI4MGFmYjU5MCIsImMiOjh9
GM,Gambia,Partial,2021/12/13,9914,59%,41%,,,,,,,,,https://app.powerbi.com/view?r=eyJrIjoiYWRiZWVkNWUtNmM0Ni00MDAwLTljYWMtN2EwNTM3YjQzYmRmIiwidCI6ImY2MTBjMGI3LWJkMjQtNGIzOS04MTBiLTNkYzI4MGFmYjU5MCIsImMiOjh9
GE,Georgia,Partial,2022/03/01,699087,44%,56%,,,,,,,,,https://app.powerbi.com/view?r=eyJrIjoiYWRiZWVkNWUtNmM0Ni00MDAwLTljYWMtN2EwNTM3YjQzYmRmIiwidCI6ImY2MTBjMGI3LWJkMjQtNGIzOS04MTBiLTNkYzI4MGFmYjU5MCIsImMiOjh9
DE,Germany,Yes,2022/03/01,7501010,49%,51%,2022/03/01,112920,53%,47%,2022/03/01,2%,1%,1.19,https://app.powerbi.com/view?r=eyJrIjoiYWRiZWVkNWUtNmM0Ni00MDAwLTljYWMtN2EwNTM3YjQzYmRmIiwidCI6ImY2MTBjMGI3LWJkMjQtNGIzOS04MTBiLTNkYzI4MGFmYjU5MCIsImMiOjh9
GH,Ghana,Partial,2021/12/15,130522,58%,42%,,,,,,,,,https://app.powerbi.com/view?r=eyJrIjoiYWRiZWVkNWUtNmM0Ni00MDAwLTljYWMtN2EwNTM3YjQzYmRmIiwidCI6ImY2MTBjMGI3LWJkMjQtNGIzOS04MTBiLTNkYzI4MGFmYjU5MCIsImMiOjh9
GI,Gibraltar,Partial,,,,,2021/06/01,10,80%,20%,,,,,https://www.gibraltar.gov.gi/covid19
GR,Greece,Yes,2022/03/01,1522681,50%,50%,2022/03/01,21426,56%,44%,2022/03/01,2%,1%,1.26,https://app.powerbi.com/view?r=eyJrIjoiYWRiZWVkNWUtNmM0Ni00MDAwLTljYWMtN2EwNTM3YjQzYmRmIiwidCI6ImY2MTBjMGI3LWJkMjQtNGIzOS04MTBiLTNkYzI4MGFmYjU5MCIsImMiOjh9
GL,Greenland,No,,,,,,,,,,,,,https://corona.nun.gl/da/briefings/2021-09-21/
GD,Grenada,No,,,,,,,,,,,,,https://www.facebook.com/HealthGrenada/
GT,Guatemala,Yes,2021/12/12,620143,51%,49%,2021/12/12,16048,65%,35%,2021/12/12,3%,2%,1.81,https://tablerocovid.mspas.gob.gt/
GG,Guernsey,Partial,2020/11/05,252,37%,63%,2021/04/01,13,38%,62%,,,,,https://covid19.gov.gg/test-results
GN,Guinea,Partial,2021/03/23,20267,66%,34%,,,,,,,,,https://anss-guinee.org/assets/document/DOC_16165721061937744675605aeeca842f2.pdf
GW,Guinea-Bissau,Yes,2021/12/12,6448,56%,44%,2021/12/12,149,68%,32%,2021/12/12,3%,2%,1.65,https://www.accovid-gw.org/post/boletim_epidemiol%C3%B3gico_semanal_covid_nr_67_semana49-2021
GY,Guyana,Partial,2021/12/14,38618,47%,53%,,,,,,,,,https://www.health.gov.gy/
HT,Haiti,Yes,2021/11/12,25879,52%,48%,2021/12/06,361,57%,43%,2021/12/06,2%,2%,1.1,https://mspp.gouv.ht/site/downloads/Sitrep%20COVID-19_11-12-2021.pdf
HN,Honduras,Yes,2022/01/17,280869,44%,56%,2022/01/17,54,48%,52%,2022/01/17,,,1.19,https://app.powerbi.com/view?r=eyJrIjoiYWRiZWVkNWUtNmM0Ni00MDAwLTljYWMtN2EwNTM3YjQzYmRmIiwidCI6ImY2MTBjMGI3LWJkMjQtNGIzOS04MTBiLTNkYzI4MGFmYjU5MCIsImMiOjh9
HK,"Hong Kong",Yes,2021/12/14,12496,48%,52%,2021/12/14,213,59%,41%,2021/12/14,2%,1%,1.56,https://www.chp.gov.hk/files/pdf/local_situation_covid19_en.pdf
HU,Hungary,Yes,2022/03/01,1084668,46%,54%,2022/03/01,34300,51%,49%,2022/03/01,3%,3%,1.2,https://app.powerbi.com/view?r=eyJrIjoiYWRiZWVkNWUtNmM0Ni00MDAwLTljYWMtN2EwNTM3YjQzYmRmIiwidCI6ImY2MTBjMGI3LWJkMjQtNGIzOS04MTBiLTNkYzI4MGFmYjU5MCIsImMiOjh9
IS,Iceland,Yes,2022/03/01,38252,50%,50%,2022/03/01,39,62%,38%,2022/03/01,,,1.61,https://app.powerbi.com/view?r=eyJrIjoiYWRiZWVkNWUtNmM0Ni00MDAwLTljYWMtN2EwNTM3YjQzYmRmIiwidCI6ImY2MTBjMGI3LWJkMjQtNGIzOS04MTBiLTNkYzI4MGFmYjU5MCIsImMiOjh9
IN,India,Yes,2021/05/18,24766088,61%,39%,2020/06/04,111,73%,27%,2020/06/04,3%,3%,0.85,https://ncdc.gov.in/dashboard.php
ID,Indonesia,Yes,2021/12/14,4259439,49%,51%,2021/12/14,143960,52%,48%,2021/12/14,4%,3%,1.15,https://covid19.go.id/peta-sebaran
IR,Iran,Yes,2020/03/17,14991,57%,43%,2020/03/17,853,59%,41%,2020/03/17,6%,5%,1.09,https://app.powerbi.com/view?r=eyJrIjoiYWRiZWVkNWUtNmM0Ni00MDAwLTljYWMtN2EwNTM3YjQzYmRmIiwidCI6ImY2MTBjMGI3LWJkMjQtNGIzOS04MTBiLTNkYzI4MGFmYjU5MCIsImMiOjh9
IQ,Iraq,Yes,2021/12/14,2088833,61%,39%,2021/12/15,24007,58%,42%,2021/12/15,1%,1%,0.88,https://app.powerbi.com/view?r=eyJrIjoiNjljMDhiYmItZTlhMS00MDlhLTg3MjItMDNmM2FhNzE5NmM4IiwidCI6ImY2MTBjMGI3LWJkMjQtNGIzOS04MTBiLTNkYzI4MGFmYjU5MCIsImMiOjh9
IM,"Isle of Man",Partial,2021/12/13,11783,50%,50%,2021/04/18,26,62%,38%,,,,,https://covid19.gov.im/general-information/latest-updates/
IL,Israel,Yes,2021/12/27,1389555,47%,53%,2021/12/27,8231,56%,44%,2021/12/27,1%,,1.42,https://app.powerbi.com/view?r=eyJrIjoiYWRiZWVkNWUtNmM0Ni00MDAwLTljYWMtN2EwNTM3YjQzYmRmIiwidCI6ImY2MTBjMGI3LWJkMjQtNGIzOS04MTBiLTNkYzI4MGFmYjU5MCIsImMiOjh9
IT,Italy,Yes,2022/03/01,7091094,49%,51%,2022/03/01,139303,56%,44%,2022/03/01,2%,2%,1.35,https://app.powerbi.com/view?r=eyJrIjoiYWRiZWVkNWUtNmM0Ni00MDAwLTljYWMtN2EwNTM3YjQzYmRmIiwidCI6ImY2MTBjMGI3LWJkMjQtNGIzOS04MTBiLTNkYzI4MGFmYjU5MCIsImMiOjh9
JM,Jamaica,Yes,2021/12/14,91802,43%,57%,2021/11/16,2331,51%,49%,2021/11/16,3%,2%,1.37,https://jamcovid19.moh.gov.jm/
JP,Japan,Partial,2020/11/04,6991,59%,41%,2021/06/12,14475,59%,41%,,,,,http://www.ipss.go.jp/projects/j/choju/covid19/index-en.asp
JE,Jersey,Yes,2021/09/23,9885,51%,49%,2021/12/15,87,61%,39%,2021/09/23,1%,1%,1.56,https://www.gov.je/Health/Coronavirus/Pages/CoronavirusCases.aspx
JO,Jordan,Yes,2021/11/15,842592,50%,50%,2021/12/14,12048,59%,41%,2021/12/14,5%,6%,0.83,https://corona.moh.gov.jo/en
KZ,Kazakhstan,Partial,2020/08/06,9452,61%,39%,,,,,,,,,https://hls.kz/
KE,Kenya,Yes,2021/12/13,256813,58%,42%,2021/12/13,5349,64%,36%,2021/12/13,2%,2%,1.3,https://app.powerbi.com/view?r=eyJrIjoiYWRiZWVkNWUtNmM0Ni00MDAwLTljYWMtN2EwNTM3YjQzYmRmIiwidCI6ImY2MTBjMGI3LWJkMjQtNGIzOS04MTBiLTNkYzI4MGFmYjU5MCIsImMiOjh9
XK,Kosovo,Yes,2022/03/01,157530,48%,52%,2022/03/01,2552,60%,40%,2022/03/01,2%,1%,1.65,https://app.powerbi.com/view?r=eyJrIjoiYWRiZWVkNWUtNmM0Ni00MDAwLTljYWMtN2EwNTM3YjQzYmRmIiwidCI6ImY2MTBjMGI3LWJkMjQtNGIzOS04MTBiLTNkYzI4MGFmYjU5MCIsImMiOjh9
KW,Kuwait,No,,,,,,,,,,,,,https://corona.e.gov.kw/en
KG,Kyrgyzstan,Yes,2022/03/01,140852,42%,58%,2022/03/01,1765,54%,46%,2022/03/01,2%,1%,1.6,https://app.powerbi.com/view?r=eyJrIjoiYWRiZWVkNWUtNmM0Ni00MDAwLTljYWMtN2EwNTM3YjQzYmRmIiwidCI6ImY2MTBjMGI3LWJkMjQtNGIzOS04MTBiLTNkYzI4MGFmYjU5MCIsImMiOjh9
LA,"Lao People's Democratic Republic",No,,,,,,,,,,,,,https://www.covid19.gov.la/index.php
LV,Latvia,Yes,2022/03/01,285839,45%,55%,2022/03/01,4268,47%,53%,2022/03/01,2%,1%,1.1,https://app.powerbi.com/view?r=eyJrIjoiYWRiZWVkNWUtNmM0Ni00MDAwLTljYWMtN2EwNTM3YjQzYmRmIiwidCI6ImY2MTBjMGI3LWJkMjQtNGIzOS04MTBiLTNkYzI4MGFmYjU5MCIsImMiOjh9
LB,Lebanon,Partial,2021/04/01,192139,54%,46%,2020/06/07,36,31%,69%,,,,,https://www.facebook.com/wholeb/photos/pcb.6847100875331158/6847100278664551
LS,Lesotho,No,,,,,,,,,,,,,https://app.powerbi.com/view?r=eyJrIjoiYWRiZWVkNWUtNmM0Ni00MDAwLTljYWMtN2EwNTM3YjQzYmRmIiwidCI6ImY2MTBjMGI3LWJkMjQtNGIzOS04MTBiLTNkYzI4MGFmYjU5MCIsImMiOjh9
LR,Liberia,Yes,2021/07/17,5396,65%,35%,2021/07/17,148,66%,34%,2021/07/17,3%,3%,1.04,https://www.nphil.gov.lr/wp-content/uploads/2021/12/COVID-19-SitRep-634_9-December-2021-1.pdf
LY,Libya,No,,,,,,,,,,,,,https://ncdc.org.ly/Ar/libyan-covid-19-dashboard/
LI,Liechtenstein,Yes,2022/03/01,6718,48%,52%,2022/03/01,70,54%,46%,2022/03/01,1%,1%,1.27,https://app.powerbi.com/view?r=eyJrIjoiYWRiZWVkNWUtNmM0Ni00MDAwLTljYWMtN2EwNTM3YjQzYmRmIiwidCI6ImY2MTBjMGI3LWJkMjQtNGIzOS04MTBiLTNkYzI4MGFmYjU5MCIsImMiOjh9
LT,Lithuania,Yes,2022/03/01,646962,45%,55%,2022/03/01,8679,48%,52%,2022/03/01,1%,1%,1.12,https://app.powerbi.com/view?r=eyJrIjoiYWRiZWVkNWUtNmM0Ni00MDAwLTljYWMtN2EwNTM3YjQzYmRmIiwidCI6ImY2MTBjMGI3LWJkMjQtNGIzOS04MTBiLTNkYzI4MGFmYjU5MCIsImMiOjh9
LU,Luxembourg,Yes,2022/03/01,120399,50%,50%,2022/03/01,982,54%,46%,2022/03/01,1%,1%,1.2,https://app.powerbi.com/view?r=eyJrIjoiYWRiZWVkNWUtNmM0Ni00MDAwLTljYWMtN2EwNTM3YjQzYmRmIiwidCI6ImY2MTBjMGI3LWJkMjQtNGIzOS04MTBiLTNkYzI4MGFmYjU5MCIsImMiOjh9
MG,Madagascar,No,,,,,,,,,,,,,https://data.humdata.org/dataset/coronavirus-covid-19-cases-and-deaths
MW,Malawi,Yes,2020/12/31,6171,68%,32%,2020/12/31,187,76%,24%,2020/12/31,3%,2%,1.51,https://app.powerbi.com/view?r=eyJrIjoiYWRiZWVkNWUtNmM0Ni00MDAwLTljYWMtN2EwNTM3YjQzYmRmIiwidCI6ImY2MTBjMGI3LWJkMjQtNGIzOS04MTBiLTNkYzI4MGFmYjU5MCIsImMiOjh9
MY,Malaysia,Yes,2022/03/01,2662444,56%,44%,2022/03/01,31171,57%,43%,2022/03/01,1%,1%,1.05,https://app.powerbi.com/view?r=eyJrIjoiYWRiZWVkNWUtNmM0Ni00MDAwLTljYWMtN2EwNTM3YjQzYmRmIiwidCI6ImY2MTBjMGI3LWJkMjQtNGIzOS04MTBiLTNkYzI4MGFmYjU5MCIsImMiOjh9
MV,Maldives,Yes,2022/10/01,92299,56%,44%,2022/10/01,209,61%,39%,2022/10/01,,,1.22,https://app.powerbi.com/view?r=eyJrIjoiYWRiZWVkNWUtNmM0Ni00MDAwLTljYWMtN2EwNTM3YjQzYmRmIiwidCI6ImY2MTBjMGI3LWJkMjQtNGIzOS04MTBiLTNkYzI4MGFmYjU5MCIsImMiOjh9
ML,Mali,Partial,2021/12/12,18591,63%,37%,,,,,,,,,https://app.powerbi.com/view?r=eyJrIjoiYWRiZWVkNWUtNmM0Ni00MDAwLTljYWMtN2EwNTM3YjQzYmRmIiwidCI6ImY2MTBjMGI3LWJkMjQtNGIzOS04MTBiLTNkYzI4MGFmYjU5MCIsImMiOjh9
MT,Malta,Yes,2022/03/01,60937,51%,49%,2022/03/01,526,60%,40%,2022/03/01,1%,1%,1.43,https://app.powerbi.com/view?r=eyJrIjoiYWRiZWVkNWUtNmM0Ni00MDAwLTljYWMtN2EwNTM3YjQzYmRmIiwidCI6ImY2MTBjMGI3LWJkMjQtNGIzOS04MTBiLTNkYzI4MGFmYjU5MCIsImMiOjh9
MR,Mauritania,Partial,2021/07/25,23467,59%,41%,,,,,,,,,https://web.facebook.com/MSMauritanie/photos/a.109982187291684/434903338132899/?_rdc=1&_rdr
MU,Mauritius,Partial,2020/05/10,340,63%,37%,,,,,,,,,https://app.powerbi.com/view?r=eyJrIjoiYWRiZWVkNWUtNmM0Ni00MDAwLTljYWMtN2EwNTM3YjQzYmRmIiwidCI6ImY2MTBjMGI3LWJkMjQtNGIzOS04MTBiLTNkYzI4MGFmYjU5MCIsImMiOjh9
MX,Mexico,Yes,2022/01/17,4468018,49%,51%,2022/01/17,255155,62%,38%,2022/01/17,7%,4%,1.68,https://app.powerbi.com/view?r=eyJrIjoiYWRiZWVkNWUtNmM0Ni00MDAwLTljYWMtN2EwNTM3YjQzYmRmIiwidCI6ImY2MTBjMGI3LWJkMjQtNGIzOS04MTBiLTNkYzI4MGFmYjU5MCIsImMiOjh9
MD,Moldova,Yes,2021/12/12,358810,41%,59%,2021/11/14,7459,48%,52%,2021/11/14,2%,2%,1.31,http://gismoldova.maps.arcgis.com/apps/opsdashboard/index.html#/d274da857ed345efa66e1fbc959b021b
MC,Monaco,No,,,,,,,,,,,,,https://www.gouv.mc/A-la-Une-du-Portail
MN,Mongolia,Yes,2022/01/17,397573,44%,56%,2022/01/17,2090,45%,55%,2022/01/17,1%,1%,1.03,https://app.powerbi.com/view?r=eyJrIjoiYWRiZWVkNWUtNmM0Ni00MDAwLTljYWMtN2EwNTM3YjQzYmRmIiwidCI6ImY2MTBjMGI3LWJkMjQtNGIzOS04MTBiLTNkYzI4MGFmYjU5MCIsImMiOjh9
ME,Montenegro,Yes,2022/03/01,167776,47%,53%,2022/03/01,2181,62%,38%,2022/03/01,2%,1%,1.86,https://app.powerbi.com/view?r=eyJrIjoiYWRiZWVkNWUtNmM0Ni00MDAwLTljYWMtN2EwNTM3YjQzYmRmIiwidCI6ImY2MTBjMGI3LWJkMjQtNGIzOS04MTBiLTNkYzI4MGFmYjU5MCIsImMiOjh9
MA,Morocco,Yes,2020/07/18,17015,53%,47%,2020/09/21,1855,66%,34%,2020/07/18,3%,2%,1.8,http://www.covidmaroc.ma/pages/Accueilfr.aspx
MZ,Mozambique,Yes,2021/11/24,151503,49%,51%,2021/11/22,43,65%,35%,2021/11/22,,,1.91,https://www.misau.gov.mz/index.php/covid-19-boletins-diarios?download=1228:boletim-diario-covid-19-n-617
MM,Myanmar,Yes,2020/10/09,2265,53%,47%,2020/09/28,226,64%,36%,2020/01/09,1%,,3.84,https://datastudio.google.com/u/0/reporting/445c1281-c6ea-45e4-9bc0-5d561c511354/page/I44CB
NA,Namibia,Partial,2021/04/04,501,52%,48%,,,,,,,,,https://app.powerbi.com/view?r=eyJrIjoiYWRiZWVkNWUtNmM0Ni00MDAwLTljYWMtN2EwNTM3YjQzYmRmIiwidCI6ImY2MTBjMGI3LWJkMjQtNGIzOS04MTBiLTNkYzI4MGFmYjU5MCIsImMiOjh9
NP,Nepal,Yes,2021/12/14,824535,59%,41%,2021/12/14,11541,66%,34%,2021/12/14,2%,1%,1.32,https://portal.edcd.gov.np/covid19/#
NL,Netherlands,Yes,2022/03/01,3342923,48%,52%,2022/03/01,21082,55%,45%,2022/03/01,1%,1%,1.3,https://app.powerbi.com/view?r=eyJrIjoiYWRiZWVkNWUtNmM0Ni00MDAwLTljYWMtN2EwNTM3YjQzYmRmIiwidCI6ImY2MTBjMGI3LWJkMjQtNGIzOS04MTBiLTNkYzI4MGFmYjU5MCIsImMiOjh9
NC,"New Caledonia",No,,,,,,,,,,,,,https://gouv.nc/coronavirus
NZ,"New Zealand",Yes,2021/12/14,13040,51%,49%,2021/12/14,47,57%,43%,2021/12/14,,,1.32,https://www.health.govt.nz/our-work/diseases-and-conditions/covid-19-novel-coronavirus/covid-19-data-and-statistics/covid-19-case-demographics
NI,Nicaragua,No,,,,,,,,,,,,,https://www.el19digital.com/Coronavirus/articulo/titulo:104282-conozca-el-informe-actualizado-de-la-situacion-de-la-covid-19-en-nicaragua
NE,Niger,Partial,2022/10/01,6089,70%,30%,,,,,,,,,https://app.powerbi.com/view?r=eyJrIjoiYWRiZWVkNWUtNmM0Ni00MDAwLTljYWMtN2EwNTM3YjQzYmRmIiwidCI6ImY2MTBjMGI3LWJkMjQtNGIzOS04MTBiLTNkYzI4MGFmYjU5MCIsImMiOjh9
NG,Nigeria,Yes,2021/08/08,160006,60%,40%,2021/07/11,1597,70%,30%,2021/08/08,1%,1%,1.62,https://app.powerbi.com/view?r=eyJrIjoiYWRiZWVkNWUtNmM0Ni00MDAwLTljYWMtN2EwNTM3YjQzYmRmIiwidCI6ImY2MTBjMGI3LWJkMjQtNGIzOS04MTBiLTNkYzI4MGFmYjU5MCIsImMiOjh9
MK,"North Macedonia",Yes,2022/03/01,234277,49%,51%,2022/03/01,8033,59%,41%,2022/03/01,4%,3%,1.5,https://app.powerbi.com/view?r=eyJrIjoiYWRiZWVkNWUtNmM0Ni00MDAwLTljYWMtN2EwNTM3YjQzYmRmIiwidCI6ImY2MTBjMGI3LWJkMjQtNGIzOS04MTBiLTNkYzI4MGFmYjU5MCIsImMiOjh9
,"Northern Ireland",Yes,2021/12/14,342580,48%,52%,2021/12/14,2931,55%,45%,2021/12/14,1%,1%,1.33,https://app.powerbi.com/view?r=eyJrIjoiODJjOGE3ZDUtM2ViNy00YjBlLTllMjktOTNjZjlkODJhODU4IiwidCI6ImU3YTEzYWVhLTk0MzctNGRiNy1hMjJiLWNmYWE0Y2UzM2I2ZSJ9
NO,Norway,Yes,2022/03/01,448671,52%,48%,2022/03/01,1587,55%,45%,2022/03/01,,,1.13,https://app.powerbi.com/view?r=eyJrIjoiYWRiZWVkNWUtNmM0Ni00MDAwLTljYWMtN2EwNTM3YjQzYmRmIiwidCI6ImY2MTBjMGI3LWJkMjQtNGIzOS04MTBiLTNkYzI4MGFmYjU5MCIsImMiOjh9
OM,Oman,Yes,2021/12/20,304984,70%,30%,2021/12/20,3012,70%,30%,2021/12/20,1%,1%,1,https://app.powerbi.com/view?r=eyJrIjoiYWRiZWVkNWUtNmM0Ni00MDAwLTljYWMtN2EwNTM3YjQzYmRmIiwidCI6ImY2MTBjMGI3LWJkMjQtNGIzOS04MTBiLTNkYzI4MGFmYjU5MCIsImMiOjh9
PK,Pakistan,Yes,2020/12/05,34336,78%,23%,2020/12/05,727,76%,24%,2020/12/05,2%,2%,0.92,http://covid.gov.pk/stats/pakistan
PS,Palestine,Partial,2021/11/18,351753,50%,50%,2021/10/20,2808,58%,42%,,,,,https://app.powerbi.com/view?r=eyJrIjoiODJlYWM1YTEtNDAxZS00OTFlLThkZjktNDA1ODY2OGQ3NGJkIiwidCI6ImY2MTBjMGI3LWJkMjQtNGIzOS04MTBiLTNkYzI4MGFmYjU5MCIsImMiOjh9
PA,Panama,Yes,2020/11/05,8616,59%,41%,2020/05/06,373,68%,32%,2020/05/06,3%,2%,1.47,http://minsa.b-cdn.net/sites/default/files/publicacion-general
PG,"Papua New Guinea",No,,,,,,,,,,,,,https://covid19.papua.go.id/#monitor
PY,Paraguay,Yes,2022/01/17,516559,47%,53%,2021/03/01,2188,61%,39%,2021/03/01,3%,2%,1.58,https://app.powerbi.com/view?r=eyJrIjoiYWRiZWVkNWUtNmM0Ni00MDAwLTljYWMtN2EwNTM3YjQzYmRmIiwidCI6ImY2MTBjMGI3LWJkMjQtNGIzOS04MTBiLTNkYzI4MGFmYjU5MCIsImMiOjh9
PE,Peru,Yes,2022/01/17,2780048,50%,50%,2021/12/14,201846,64%,36%,2021/12/14,11%,7%,1.67,https://app.powerbi.com/view?r=eyJrIjoiYWRiZWVkNWUtNmM0Ni00MDAwLTljYWMtN2EwNTM3YjQzYmRmIiwidCI6ImY2MTBjMGI3LWJkMjQtNGIzOS04MTBiLTNkYzI4MGFmYjU5MCIsImMiOjh9
PH,Philippines,Yes,2021/12/14,2836868,50%,50%,2021/12/14,50351,55%,45%,2021/12/14,2%,2%,1.24,https://doh.gov.ph/covid19tracker
PL,Poland,Yes,2021/06/12,3665351,46%,54%,2021/06/12,19793,56%,44%,2021/06/12,1%,,1.54,https://app.powerbi.com/view?r=eyJrIjoiYWRiZWVkNWUtNmM0Ni00MDAwLTljYWMtN2EwNTM3YjQzYmRmIiwidCI6ImY2MTBjMGI3LWJkMjQtNGIzOS04MTBiLTNkYzI4MGFmYjU5MCIsImMiOjh9
PT,Portugal,Yes,2022/03/01,1658284,47%,53%,2022/03/01,19127,53%,47%,2022/03/01,1%,1%,1.25,https://app.powerbi.com/view?r=eyJrIjoiYWRiZWVkNWUtNmM0Ni00MDAwLTljYWMtN2EwNTM3YjQzYmRmIiwidCI6ImY2MTBjMGI3LWJkMjQtNGIzOS04MTBiLTNkYzI4MGFmYjU5MCIsImMiOjh9
QA,Qatar,Yes,2021/06/12,239701,74%,26%,2021/06/12,323,79%,21%,2021/06/12,,,1.37,https://app.powerbi.com/view?r=eyJrIjoiYWRiZWVkNWUtNmM0Ni00MDAwLTljYWMtN2EwNTM3YjQzYmRmIiwidCI6ImY2MTBjMGI3LWJkMjQtNGIzOS04MTBiLTNkYzI4MGFmYjU5MCIsImMiOjh9
IE,"Republic of Ireland",Yes,2021/04/12,593921,49%,51%,2021/04/12,5769,53%,47%,2021/04/12,1%,1%,1.19,https://www.hpsc.ie/a-z/respiratory/coronavirus/novelcoronavirus/casesinireland/
RO,Romania,Yes,2021/05/12,1786839,46%,54%,2021/05/12,57153,55%,45%,2021/05/12,4%,3%,1.44,https://www.cnscbt.ro/index.php/analiza-cazuri-confirmate-covid19/2862-raport-saptamanal-episaptamana-48-2021/file
RU,Russia,Partial,2021/07/02,38,47%,53%,,,,,,,,,https://xn--80aesfpebagmfblc0a.xn--p1ai/
RW,Rwanda,Yes,2021/12/13,100713,48%,52%,2021/12/13,1344,54%,46%,2021/12/13,1%,1%,1.25,https://app.powerbi.com/view?r=eyJrIjoiYWRiZWVkNWUtNmM0Ni00MDAwLTljYWMtN2EwNTM3YjQzYmRmIiwidCI6ImY2MTBjMGI3LWJkMjQtNGIzOS04MTBiLTNkYzI4MGFmYjU5MCIsImMiOjh9
,Saba,Partial,2022/10/01,151,50%,50%,,,,,,,,,https://app.powerbi.com/view?r=eyJrIjoiYWRiZWVkNWUtNmM0Ni00MDAwLTljYWMtN2EwNTM3YjQzYmRmIiwidCI6ImY2MTBjMGI3LWJkMjQtNGIzOS04MTBiLTNkYzI4MGFmYjU5MCIsImMiOjh9
KN,"Saint Kitts and Nevis",Yes,2022/01/17,5024,45%,55%,2022/01/17,28,71%,29%,2022/01/17,1%,,3.11,https://app.powerbi.com/view?r=eyJrIjoiYWRiZWVkNWUtNmM0Ni00MDAwLTljYWMtN2EwNTM3YjQzYmRmIiwidCI6ImY2MTBjMGI3LWJkMjQtNGIzOS04MTBiLTNkYzI4MGFmYjU5MCIsImMiOjh9
LC,"Saint Lucia",Yes,2021/08/10,11350,45%,55%,2021/08/03,39,87%,13%,2021/01/31,2%,,6.73,https://www.covid19response.lc/
VC,"Saint Vincent and the Grenadines",Partial,2021/11/29,5224,45%,55%,,,,,,,,,https://app.powerbi.com/view?r=eyJrIjoiMWNjNzZkNjctZTNiNy00YmMzLTkxZjQtNmJiZDM2MTYxNzEwIiwidCI6ImY2MTBjMGI3LWJkMjQtNGIzOS04MTBiLTNkYzI4MGFmYjU5MCIsImMiOjh9
SM,"San Marino",Partial,2020/03/22,129,59%,41%,,,,,,,,,http://www.iss.sm/on-line/home/archivio-ufficio-stampa-iss.html
ST,"Sao Tome and Principe",Partial,2021/02/05,2229,51%,49%,,,,,,,,,https://web.facebook.com/MSaudeSTeP/
SA,"Saudi Arabia",Partial,2020/11/05,41014,78%,22%,,,,,,,,,https://twitter.com/SaudiMOH/status/1470371675510231043
,Scotland,Yes,2021/05/12,742628,48%,52%,2021/05/12,12216,52%,48%,2021/05/12,2%,2%,1.15,https://www.opendata.nhs.scot/dataset/weekly-covid-19-statistical-data-in-scotland
SN,Senegal,Partial,2021/06/14,41713,57%,43%,,,,,,,,,https://sante.gouv.sn/sites/default/files/SITREP%20123%20Covid-19%2029-11-2021.pdf
RS,Serbia,Partial,,,,,2020/04/29,173,63%,37%,,,,,https://covid19.data.gov.rs/
SC,Seychelles,Partial,2021/09/05,7910,51%,49%,,,,,,,,,http://www.health.gov.sc/index.php/press-release-blog/press-update/
SL,"Sierra Leone",Partial,2021/12/14,6423,59%,41%,,,,,,,,,https://app.powerbi.com/view?r=eyJrIjoiYWRiZWVkNWUtNmM0Ni00MDAwLTljYWMtN2EwNTM3YjQzYmRmIiwidCI6ImY2MTBjMGI3LWJkMjQtNGIzOS04MTBiLTNkYzI4MGFmYjU5MCIsImMiOjh9
SG,Singapore,Yes,2021/09/27,62476,94%,6%,2021/09/27,102,68%,32%,2021/09/27,,1%,0.13,https://app.powerbi.com/view?r=eyJrIjoiYWRiZWVkNWUtNmM0Ni00MDAwLTljYWMtN2EwNTM3YjQzYmRmIiwidCI6ImY2MTBjMGI3LWJkMjQtNGIzOS04MTBiLTNkYzI4MGFmYjU5MCIsImMiOjh9
SX,"Sint Maarten",Yes,2022/10/01,5795,45%,55%,2022/10/01,74,57%,43%,2022/10/01,2%,1%,1.6,https://app.powerbi.com/view?r=eyJrIjoiYWRiZWVkNWUtNmM0Ni00MDAwLTljYWMtN2EwNTM3YjQzYmRmIiwidCI6ImY2MTBjMGI3LWJkMjQtNGIzOS04MTBiLTNkYzI4MGFmYjU5MCIsImMiOjh9
SK,Slovakia,Yes,2022/03/01,1255539,49%,51%,2022/03/01,17069,52%,48%,2022/03/01,1%,1%,1.14,https://app.powerbi.com/view?r=eyJrIjoiYWRiZWVkNWUtNmM0Ni00MDAwLTljYWMtN2EwNTM3YjQzYmRmIiwidCI6ImY2MTBjMGI3LWJkMjQtNGIzOS04MTBiLTNkYzI4MGFmYjU5MCIsImMiOjh9
SI,Slovenia,Yes,2022/03/01,492760,48%,52%,2022/03/01,6137,50%,50%,2022/03/01,1%,1%,1.1,https://app.powerbi.com/view?r=eyJrIjoiYWRiZWVkNWUtNmM0Ni00MDAwLTljYWMtN2EwNTM3YjQzYmRmIiwidCI6ImY2MTBjMGI3LWJkMjQtNGIzOS04MTBiLTNkYzI4MGFmYjU5MCIsImMiOjh9
SO,Somalia,Partial,2021/11/16,22837,71%,29%,2020/09/08,93,71%,29%,,,,,http://moh.gov.so/en/covid19/
ZA,"South Africa",Yes,2021/12/13,3146247,43%,57%,2021/11/17,94379,48%,52%,2021/11/17,4%,3%,1.22,https://www.nicd.ac.za/diseases-a-z-index/disease-index-covid-19/surveillance-reports/national-covid-19-daily-report/
KR,"South Korea",Yes,2021/12/15,536495,52%,48%,2021/12/15,4456,51%,49%,2021/12/15,1%,1%,0.96,http://ncov.mohw.go.kr/bdBoardList_Real.do?brdId=1&brdGubun=11&ncvContSeq=&contSeq=&board_id=&gubun=
SS,"South Sudan",Partial,2020/12/13,3074,75%,25%,,,,,,,,,https://app.powerbi.com/view?r=eyJrIjoiYWRiZWVkNWUtNmM0Ni00MDAwLTljYWMtN2EwNTM3YjQzYmRmIiwidCI6ImY2MTBjMGI3LWJkMjQtNGIzOS04MTBiLTNkYzI4MGFmYjU5MCIsImMiOjh9
ES,Spain,Yes,2022/03/01,7448158,48%,52%,2022/03/01,89830,55%,45%,2022/03/01,1%,1%,1.35,https://app.powerbi.com/view?r=eyJrIjoiYWRiZWVkNWUtNmM0Ni00MDAwLTljYWMtN2EwNTM3YjQzYmRmIiwidCI6ImY2MTBjMGI3LWJkMjQtNGIzOS04MTBiLTNkYzI4MGFmYjU5MCIsImMiOjh9
LK,"Sri Lanka",Yes,2020/11/22,3088,82%,18%,2020/11/22,74,61%,39%,2020/11/22,2%,5%,0.35,https://hpb.health.gov.lk/covid19-dashboard/
SD,Sudan,Yes,2021/02/28,28356,60%,40%,2021/02/28,1380,69%,31%,2021/02/28,6%,4%,1.47,https://www.arcgis.com/apps/dashboards/c7ead4366070487abe874076f876a84c
SR,Suriname,Partial,2022/01/17,29582,50%,50%,2022/01/17,,,,2022/01/17,,,,https://app.powerbi.com/view?r=eyJrIjoiYWRiZWVkNWUtNmM0Ni00MDAwLTljYWMtN2EwNTM3YjQzYmRmIiwidCI6ImY2MTBjMGI3LWJkMjQtNGIzOS04MTBiLTNkYzI4MGFmYjU5MCIsImMiOjh9
SE,Sweden,Yes,2022/03/01,1468055,49%,51%,2022/03/01,15352,55%,45%,2022/03/01,1%,1%,1.26,https://app.powerbi.com/view?r=eyJrIjoiYWRiZWVkNWUtNmM0Ni00MDAwLTljYWMtN2EwNTM3YjQzYmRmIiwidCI6ImY2MTBjMGI3LWJkMjQtNGIzOS04MTBiLTNkYzI4MGFmYjU5MCIsImMiOjh9
CH,Switzerland,Yes,2022/03/01,1547749,48%,52%,2022/03/01,12012,54%,46%,2022/03/01,1%,1%,1.24,https://app.powerbi.com/view?r=eyJrIjoiYWRiZWVkNWUtNmM0Ni00MDAwLTljYWMtN2EwNTM3YjQzYmRmIiwidCI6ImY2MTBjMGI3LWJkMjQtNGIzOS04MTBiLTNkYzI4MGFmYjU5MCIsImMiOjh9
SY,Syria,No,,,,,,,,,,,,,https://app.powerbi.com/view?r=eyJrIjoiNTA0NWMxZmYtMDJiMC00ZWU0LTllNTktZTViZjYwYThjZmUzIiwidCI6ImY2MTBjMGI3LWJkMjQtNGIzOS04MTBiLTNkYzI4MGFmYjU5MCIsImMiOjh9
TW,Taiwan,Yes,2021/12/15,16757,51%,49%,2021/05/01,7,86%,14%,2021/05/01,2%,,6.6,https://data.cdc.gov.tw/en/dataset/aagsdctable-day-19cov
TJ,Tajikistan,No,,,,,,,,,,,,,https://covid.tj/#charts
TZ,Tanzania,Partial,2020/10/05,39,74%,26%,,,,,,,,,https://covid19.who.int/region/afro/country/tz
TH,Thailand,Yes,2020/10/20,3700,57%,43%,2021/01/04,93,75%,25%,2020/09/30,2%,1%,2.48,https://ddc.moph.go.th/viralpneumonia/eng/file/situation/situation-no673-121164.pdf
TL,Timor-Leste,Yes,2022/10/01,20032,56%,44%,2022/10/01,18,61%,39%,2022/10/01,,,1.26,https://app.powerbi.com/view?r=eyJrIjoiYWRiZWVkNWUtNmM0Ni00MDAwLTljYWMtN2EwNTM3YjQzYmRmIiwidCI6ImY2MTBjMGI3LWJkMjQtNGIzOS04MTBiLTNkYzI4MGFmYjU5MCIsImMiOjh9
TG,Togo,Partial,2021/03/28,262,71%,29%,,,,,,,,,https://covid19.gouv.tg/situation-au-togo/
TT,"Trinidad and Tobago",Yes,2021/12/20,71732,49%,51%,2021/12/20,2452,58%,42%,2021/12/20,4%,3%,1.44,https://app.powerbi.com/view?r=eyJrIjoiYWRiZWVkNWUtNmM0Ni00MDAwLTljYWMtN2EwNTM3YjQzYmRmIiwidCI6ImY2MTBjMGI3LWJkMjQtNGIzOS04MTBiLTNkYzI4MGFmYjU5MCIsImMiOjh9
TN,Tunisia,Yes,2021/10/01,162350,44%,56%,2021/10/01,5310,66%,34%,2021/10/01,5%,2%,2.47,https://www.onmne.tn/?p=10636
TR,Turkey,Yes,2021/12/20,8729212,48%,52%,2021/12/20,73550,56%,44%,2021/12/20,1%,1%,1.42,https://app.powerbi.com/view?r=eyJrIjoiYWRiZWVkNWUtNmM0Ni00MDAwLTljYWMtN2EwNTM3YjQzYmRmIiwidCI6ImY2MTBjMGI3LWJkMjQtNGIzOS04MTBiLTNkYzI4MGFmYjU5MCIsImMiOjh9
TC,"Turks and Caicos",Yes,2022/01/17,5209,48%,52%,2022/01/17,31,42%,58%,2022/01/17,1%,1%,0.79,https://app.powerbi.com/view?r=eyJrIjoiYWRiZWVkNWUtNmM0Ni00MDAwLTljYWMtN2EwNTM3YjQzYmRmIiwidCI6ImY2MTBjMGI3LWJkMjQtNGIzOS04MTBiLTNkYzI4MGFmYjU5MCIsImMiOjh9
AE,UAE,No,,,,,,,,,,,,,https://covid19.ncema.gov.ae/en
US,USA,Yes,2022/01/17,46064680,47%,53%,2022/01/17,366659,56%,44%,2022/01/17,1%,1%,1.41,https://app.powerbi.com/view?r=eyJrIjoiYWRiZWVkNWUtNmM0Ni00MDAwLTljYWMtN2EwNTM3YjQzYmRmIiwidCI6ImY2MTBjMGI3LWJkMjQtNGIzOS04MTBiLTNkYzI4MGFmYjU5MCIsImMiOjh9
UG,Uganda,Yes,2022/01/17,166730,57%,43%,2021/09/07,364,69%,31%,2021/08/11,1%,1%,1.43,https://app.powerbi.com/view?r=eyJrIjoiYWRiZWVkNWUtNmM0Ni00MDAwLTljYWMtN2EwNTM3YjQzYmRmIiwidCI6ImY2MTBjMGI3LWJkMjQtNGIzOS04MTBiLTNkYzI4MGFmYjU5MCIsImMiOjh9
UA,Ukraine,Yes,2021/12/14,3570448,40%,60%,2021/12/14,91602,53%,47%,2021/12/14,3%,2%,1.69,https://phc.org.ua/kontrol-zakhvoryuvan/inshi-infekciyni-zakhvoryuvannya/koronavirusna-infekciya-covid-19
UY,Uruguay,No,,,,,,,,,,,,,https://www.gub.uy/sistema-nacional-emergencias/comunicacion/noticias/informacion-interes-actualizada-sobre-coronavirus-covid-19-uruguay
UZ,Uzbekistan,Partial,2020/03/29,33,42%,58%,,,,,,,,,https://coronavirus.uz/en
VE,Venezuela,Yes,2022/01/17,438683,50%,50%,2022/01/17,549,61%,39%,2022/01/17,,,1.55,https://app.powerbi.com/view?r=eyJrIjoiYWRiZWVkNWUtNmM0Ni00MDAwLTljYWMtN2EwNTM3YjQzYmRmIiwidCI6ImY2MTBjMGI3LWJkMjQtNGIzOS04MTBiLTNkYzI4MGFmYjU5MCIsImMiOjh9
VN,Vietnam,Yes,2021/05/12,1250811,49%,51%,2021/11/07,86,43%,57%,2021/11/07,,,0.96,https://www.who.int/vietnam/internal-publications-detail
,Wales,Yes,2021/12/13,540345,47%,53%,2021/12/13,6478,56%,44%,2021/12/13,1%,1%,1.45,https://public.tableau.com/profile/public.health.wales.health.protection#!/vizhome/RapidCOVID-19virology-Public/Headlinesummary
YE,Yemen,Yes,2021/05/20,6617,64%,36%,2021/05/20,1256,70%,30%,2021/05/20,21%,16%,1.31,https://twitter.com/YSNECCOVID19
ZM,Zambia,Partial,2021/11/10,202971,49%,51%,,,,,,,,,https://app.powerbi.com/view?r=eyJrIjoiYWRiZWVkNWUtNmM0Ni00MDAwLTljYWMtN2EwNTM3YjQzYmRmIiwidCI6ImY2MTBjMGI3LWJkMjQtNGIzOS04MTBiLTNkYzI4MGFmYjU5MCIsImMiOjh9
ZW,Zimbabwe,Yes,2021/12/20,123871,49%,51%,2020/12/12,307,62%,38%,2020/12/12,3%,2%,1.33,https://app.powerbi.com/view?r=eyJrIjoiYWRiZWVkNWUtNmM0Ni00MDAwLTljYWMtN2EwNTM3YjQzYmRmIiwidCI6ImY2MTBjMGI3LWJkMjQtNGIzOS04MTBiLTNkYzI4MGFmYjU5MCIsImMiOjh9
